{"cameraMode":{"drawMode":0,"name":"Shaded","section":"Shading Mode"},"sceneLighting":true,"audioPlay":false,"sceneViewState":{"showFog":true,"showMaterialUpdate":false,"showSkybox":true,"showFlares":true,"showImageEffects":true,"showParticleSystems":true},"in2DMode":false,"pivot":{"x":44.77912902832031,"y":41.486114501953128,"z":139.64401245117188},"rotation":{"x":-0.17901524901390077,"y":0.7994461059570313,"z":-0.28893905878067019,"w":-0.4953320324420929},"size":25.093114852905275,"orthographic":false}