{"cameraMode":{"drawMode":0,"name":"Shaded","section":"Shading Mode"},"sceneLighting":true,"audioPlay":false,"sceneViewState":{"showFog":true,"showMaterialUpdate":false,"showSkybox":true,"showFlares":true,"showImageEffects":true,"showParticleSystems":true},"in2DMode":false,"pivot":{"x":-0.6706746220588684,"y":7.371389865875244,"z":-4.509462356567383},"rotation":{"x":0.06514238566160202,"y":0.7550789713859558,"z":0.07590126246213913,"w":-0.647959291934967},"size":25.144031524658204,"orthographic":false}